source,rank,headline,link,collected_at_iso
Indian Express,1,Trending in India,https://indianexpress.com/section/trending/trending-in-india/,2026-04-06T11:04:00+00:00
Indian Express,2,This is Serious,https://indianexpress.com/section/trending/this-is-serious/,2026-04-06T11:04:00+00:00
Indian Express,3,The video shows Hayden quietly collecting discarded items and placing them in a dustbin,https://indianexpress.com/article/trending/trending-in-india/gujarat-titans-batting-coach-matthew-hayden-picks-up-trash-during-ipl-match-video-sparks-outrage-10621958/,2026-04-06T11:04:00+00:00
Indian Express,4,Indian woman Sri Lanka beaches,https://indianexpress.com/article/trending/trending-in-india/indian-woman-sri-lanka-clean-beaches-vs-india-civic-sense-debate-viral-video-10621778/,2026-04-06T11:04:00+00:00
Indian Express,5,Nikhil Kamath MBA remark,https://indianexpress.com/article/trending/trending-in-india/nikhil-kamath-mba-remark-columbia-business-school-viral-video-rich-kids-comment-10621598/,2026-04-06T11:04:00+00:00
Indian Express,6,Auto driver viral video is gaining attention online after a late-night passenger shared a touching conversation about loneliness,https://indianexpress.com/article/trending/trending-in-india/60-year-old-auto-driver-reason-for-working-late-viral-video-10621393/,2026-04-06T11:04:00+00:00
Indian Express,7,RCB vs CSK viral video,https://indianexpress.com/article/trending/trending-in-india/rcb-vs-csk-viral-video-fan-celebration-chinnaswamy-stadium-10621347/,2026-04-06T11:04:00+00:00
Indian Express,8,Anand Mahindra praises Ashwini Bhide BMC Commissioner,https://indianexpress.com/article/trending/trending-in-india/anand-mahindra-praise-ashwini-bhide-first-woman-bmc-commissioner-mumbai-metro-10620252/,2026-04-06T11:04:00+00:00
Indian Express,9,Arunachal traveller Bihar viral video,https://indianexpress.com/article/trending/trending-in-india/arunachal-woman-biker-tenzin-metoh-bhagalpur-bihar-viral-video-kindness-10620128/,2026-04-06T11:04:00+00:00
Indian Express,10,Sunanda Sharma Ghaziabad concert incident,https://indianexpress.com/article/trending/trending-in-india/sunanda-sharma-ghaziabad-concert-interrupted-fan-stage-invasion-rkgit-viral-video-10619946/,2026-04-06T11:04:00+00:00
Indian Express,11,Zambian dancers Lollipop Lagelu Bihar Diwas,https://indianexpress.com/article/trending/trending-in-india/zambian-dancers-lollipop-lagelu-bihar-diwas-zambia-viral-video-10619855/,2026-04-06T11:04:00+00:00
Indian Express,12,A windsurfer was knocked off his board after colliding with a gray whale in San Francisco Bay,https://indianexpress.com/article/trending/trending-globally/san-francisco-whale-collision-video-windsurfer-10618949/,2026-04-06T11:04:00+00:00
Indian Express,13,Amazon’s first-ever sale in 1995 was an AI book by Douglas Hofstadter,https://indianexpress.com/article/trending/trending-globally/amazon-first-sale-1995-ai-book-bezos-reaction-10618742/,2026-04-06T11:04:00+00:00
Indian Express,14,NASA releases first Earth images from Artemis II’s Orion spacecraft. Viral photos spark online debate over colour changes,https://indianexpress.com/article/trending/trending-globally/nasa-releases-stunning-first-photos-of-earth-from-artemis-ii-viral-10618586/,2026-04-06T11:04:00+00:00
Indian Express,15,Top 10 richest people in the world,https://indianexpress.com/article/trending/top-10-listing/top-10-richest-people-in-the-world-april-2026-forbes-list-10617530/,2026-04-06T11:04:00+00:00
Indian Express,16,Indore founder father first flight story,https://indianexpress.com/article/trending/trending-in-india/indore-founder-durgesh-ojha-father-wear-formal-suit-first-flight-linkedin-post-viral-10617465/,2026-04-06T11:04:00+00:00
Indian Express,17,Dehradun bride vidai dogs viral video,https://indianexpress.com/article/trending/trending-in-india/dehradun-bride-emotional-vidai-dogs-viral-video-10617221/,2026-04-06T11:04:00+00:00
Indian Express,18,American creator 24 hour India trip,https://indianexpress.com/article/trending/trending-globally/kevin-droniak-us-influencer-flies-15-hours-for-one-day-trip-india-taj-mahal-viral-video-10616952/,2026-04-06T11:04:00+00:00
Indian Express,19,Messi Ronaldo LEGO ad,https://indianexpress.com/article/trending/trending-globally/lionel-messi-cristiano-ronaldo-lego-ad-fifa-world-cup-2026-viral-video-10616682/,2026-04-06T11:04:00+00:00
Indian Express,20,Top 10 fastest-growing economies in the world in 2026,https://indianexpress.com/article/trending/top-10-listing/top-10-fastest-growing-economies-in-the-world-in-2026-10615680/,2026-04-06T11:04:00+00:00
Indian Express,21,Anand Mahindra coconut harvester Kerala video,https://indianexpress.com/article/trending/trending-in-india/anand-mahindra-viral-video-kerala-coconut-harvester-hello-nariyal-chhattisgarh-worker-10615651/,2026-04-06T11:04:00+00:00
Indian Express,22,Mount Everest insurance scam,https://indianexpress.com/article/trending/trending-globally/mount-everest-insurance-scam-20-million-helicopter-rescue-fraud-10615382/,2026-04-06T11:04:00+00:00
Indian Express,23,"Oracle employee’s calm layoff reaction goes viral amid 30,000 job cuts: ‘Its Oracle’s loss’",https://indianexpress.com/article/trending/trending-globally/oracle-layoffs-viral-linkedin-post-employee-reaction-10615091/,2026-04-06T11:04:00+00:00
Indian Express,24,war lockdown notice viral,https://indianexpress.com/article/trending/trending-in-india/war-lockdown-notice-viral-fake-india-lockdown-rumours-april-fool-prank-10614896/,2026-04-06T11:04:00+00:00
Indian Express,25,Top 10 countries with the highest water quality,https://indianexpress.com/article/trending/top-10-listing/top-10-countries-with-the-highest-water-quality-see-where-india-ranks-10613903/,2026-04-06T11:04:00+00:00
Indian Express,26,CBSE history paper QR code Orry,https://indianexpress.com/article/trending/trending-in-india/cbse-class-12-history-paper-qr-code-orry-viral-video-10613853/,2026-04-06T11:04:00+00:00
Indian Express,27,China dog kindergarten school cost,https://indianexpress.com/article/trending/trending-globally/china-woman-spends-1-6-lakh-monthly-on-pet-dog-school-kindergarten-10613580/,2026-04-06T11:04:00+00:00
LiveMint,1,"Islanders fire Patrick Roy, hire Peter DeBoer as head coach amid playoff push",https://www.livemint.com/us/trending/patrick-roy-fired-by-new-york-islanders-hire-peter-deboer-as-head-coach-amid-playoff-push-nhl-hockey-11775415170584.html,2026-04-06T11:04:00+00:00
LiveMint,2,Geno Auriemma apologizes to South Carolina after outburst in women's Final Four,https://www.livemint.com/us/trending/geno-auriemma-apologizes-to-south-carolina-after-emotional-outburst-vs-dawn-staley-in-womens-final-four-11775394255637.html,2026-04-06T11:04:00+00:00
LiveMint,3,NCAA Final Four 2026: UConn vs Illinois and Michigan vs Arizona results,https://www.livemint.com/us/trending/ncaa-final-four-2026-results-what-happened-in-uconn-vs-illinois-and-michigan-vs-arizona-march-madness-semifinals-11775390782036.html,2026-04-06T11:04:00+00:00
LiveMint,4,NASA’s Artemis II astronauts face toilet problem; social media reacts with memes,https://www.livemint.com/us/trending/nasas-artemis-ii-astronauts-faces-toilet-problem-in-space-social-media-reacts-with-jokes-memes-blame-ice-for-this-to-11775363905958.html,2026-04-06T11:04:00+00:00
LiveMint,5,Man City thrash Liverpool 4-0 while Chelsea crush Port Vale 7-0 in FA Cup QFs,https://www.livemint.com/us/trending/manchester-city-vs-liverpool-4-0-chelsea-vs-port-vale-7-0-fa-cup-quarterfinals-11775328419465.html,2026-04-06T11:04:00+00:00
LiveMint,6,Juan Soto calf injury: Mets star to undergo MRI after early exit vs Giants,https://www.livemint.com/us/trending/juan-soto-calf-injury-new-york-mets-star-to-undergo-mri-after-early-exit-vs-san-francisco-giants-11775306968287.html,2026-04-06T11:04:00+00:00
LiveMint,7,New York teacher earning $90K turns to $55/hour side gig to repay student loans,https://www.livemint.com/us/trending/new-york-teacher-earning-90k-turns-to-55-hour-side-gig-to-repay-student-loans-11775314789062.html,2026-04-06T11:04:00+00:00
LiveMint,8,NCAA men's Final Four matchups: Schedule and key details,https://www.livemint.com/us/trending/uconn-vs-illinois-and-arizona-vs-michigan-2026-ncaa-mens-final-four-matchups-schedule-and-key-details-11775243799182.html,2026-04-06T11:04:00+00:00
LiveMint,9,Gennaro Gattuso steps down as Italy manager after 2026 World Cup qualifier,https://www.livemint.com/us/trending/gennaro-gattuso-steps-down-as-italy-manager-after-2026-world-cup-qualifier-heartbreak-11775221292115.html,2026-04-06T11:04:00+00:00
LiveMint,10,"Vanessa Trump frustrated with Tiger Woods’ behavior, puts him on notice",https://www.livemint.com/us/trending/vanessa-trump-frustrated-with-tiger-woods-behavior-puts-him-on-notice-stop-acting-like-a-teenager-grow-up-11775209989597.html,2026-04-06T11:04:00+00:00
LiveMint,11,What’s wrong with Tiger Woods? ‘Heartbreaking’ video leaves fans worried,https://www.livemint.com/us/trending/whats-wrong-with-tiger-woods-heartbreaking-video-after-dui-arrest-leaves-fans-worried-mental-health-is-real-11775191311157.html,2026-04-06T11:04:00+00:00
LiveMint,12,McDonald's drops new under $3 menu and $4 breakfast deal — Here’s what you get,https://www.livemint.com/us/trending/mcdonalds-drops-new-under-3-menu-and-4-breakfast-deal-here-s-what-you-can-get-11775157327207.html,2026-04-06T11:04:00+00:00
LiveMint,13,Rapper J. Cole joins China’s Nanjing Monkey Kings for pro basketball stint,https://www.livemint.com/us/trending/grammywinning-rapper-j-cole-joins-china-s-nanjing-monkey-kings-for-pro-basketball-stint-11775141367888.html,2026-04-06T11:04:00+00:00
LiveMint,14,April Fools’ Day 2026 deals: No-joke discounts from Dunkin' and more,https://www.livemint.com/us/trending/april-fools-day-2026-discounts-dunkin-checkers-rally-hooters-qdoba-artemis-ii-doughnut-11775054510320.html,2026-04-06T11:04:00+00:00
LiveMint,15,"Oracle employee, despite being laid off, remains positive: ‘It happens…'",https://www.livemint.com/us/trending/oracle-employee-despite-being-laid-off-remains-positive-it-happens-will-enjoy-sleeping-11775051244639.html,2026-04-06T11:04:00+00:00
LiveMint,16,Warren Buffett teams up with NBA star Stephen Curry for charity lunch auction,https://www.livemint.com/us/trending/warren-buffett-teams-up-with-nba-star-stephen-curry-for-charity-lunch-auction-berkshire-event-returns-in-2026-11774962320767.html,2026-04-06T11:04:00+00:00
LiveMint,17,Tiger Woods’ ex Kristin Smith breaks silence after ‘triggering’ DUI arrest,https://www.livemint.com/us/trending/tiger-woods-ex-kristin-smith-breaks-silence-after-triggering-dui-arrest-seeks-privacy-11774949316320.html,2026-04-06T11:04:00+00:00
LiveMint,18,"Sophie Turner injured, Tomb Raider series halts production temporarily",https://www.livemint.com/us/trending/sophie-turner-injured-tomb-raider-series-halts-production-temporarily-11774878671976.html,2026-04-06T11:04:00+00:00
LiveMint,19,Viral video of Kash Patel dancing? Here’s the truth behind the clip,https://www.livemint.com/us/trending/viral-video-of-kash-patel-dancing-here-s-the-truth-behind-the-clip-11774814955782.html,2026-04-06T11:04:00+00:00
LiveMint,20,"Arnold Schwarzenegger returns to gym—But this time, he’s coaching his son |Watch",https://www.livemint.com/us/trending/arnold-schwarzenegger-returns-to-gym-but-this-time-he-s-coaching-his-son-to-bodybuilding-glory-watch-11774816425352.html,2026-04-06T11:04:00+00:00
LiveMint,21,"Bachelorette star James McCoy Taylor arrested again, months after guilty plea",https://www.livemint.com/us/trending/bachelorette-star-james-mccoy-taylor-arrested-again-months-after-guilty-plea-11774189913536.html,2026-04-06T11:04:00+00:00
LiveMint,22,Comedian jokes about Jews’ expulsion: Social media reacts to viral video,https://www.livemint.com/us/trending/comedian-jokes-about-jews-expulsion-social-media-reacts-to-viral-video-using-antisemitic-talking-points-as-humor-11773998180773.html,2026-04-06T11:04:00+00:00
LiveMint,23,Who is Joseph Duggar? All about reality TV star arrested on abuse charges,https://www.livemint.com/us/trending/who-is-joseph-duggar-all-about-the-19-kids-and-counting-star-arrested-on-abuse-charges-11773894381944.html,2026-04-06T11:04:00+00:00
LiveMint,24,"St Patrick’s Day 2026: Date, history, meaning and traditions worldwide",https://www.livemint.com/us/trending/st-patrick-s-day-2026-date-history-meaning-and-traditions-worldwide-11773760629096.html,2026-04-06T11:04:00+00:00
LiveMint,25,Oscars 2026: What’s on the menu at official after-party for Hollywood A-listers?,https://www.livemint.com/us/trending/oscars-2026-what-s-on-the-menu-at-the-official-after-party-luxurious-food-desserts-and-drinks-for-hollywood-alisters-11773548247036.html,2026-04-06T11:04:00+00:00
LiveMint,26,"Meghan Markle: Harry’s wife faces backlash over $2,235 ticket for group photo",https://www.livemint.com/us/trending/meghan-markle-harry-s-wife-faces-backlash-over-2-235-vip-ticket-for-group-photo-she-s-a-nobody-who-tricked-a-prince-11773538916724.html,2026-04-06T11:04:00+00:00
LiveMint,27,Apple kicks off 50th anniversary with surprise performance by Alicia Keys in NY,https://www.livemint.com/us/trending/alicia-keys-turns-apples-grand-central-in-new-york-into-a-concert-venue-at-tech-giant-s-50th-anniversary-kickoff-11773508129097.html,2026-04-06T11:04:00+00:00
LiveMint,28,"Marco Rubio large shoe size stuns Internet, social media points to ‘sycophancy'",https://www.livemint.com/us/trending/marco-rubio-large-shoe-size-stuns-internet-social-media-points-to-sycophancy-idol-worship-among-trump-officials-11773470692943.html,2026-04-06T11:04:00+00:00
LiveMint,29,Was Bill Clinton about to push Hillary into running traffic? Watch viral video,https://www.livemint.com/us/trending/did-bill-clinton-almost-push-hillary-into-running-traffic-social-media-reacts-to-viral-video-hes-was-so-close-11773280988605.html,2026-04-06T11:04:00+00:00
LiveMint,30,"Dr Dre net worth: Inside his earnings, brands, cars and real estate",https://www.livemint.com/us/trending/dr-dre-net-worth-how-did-the-new-billionaire-make-his-fortune-inside-his-earnings-cars-mansions-and-brands-11773167989493.html,2026-04-06T11:04:00+00:00
LiveMint,31,Nike launches Air Jordan 4 Retro ‘Imperial Purple’ sneakers: Details,https://www.livemint.com/us/trending/nike-launches-air-jordan-4-retro-imperial-purple-sneakers-how-much-do-they-cost-where-to-buy-online-11772907741201.html,2026-04-06T11:04:00+00:00
LiveMint,32,Quote of the day by Robert T Kiyosaki on success: ‘Winners are not afraid of….',https://www.livemint.com/us/trending/quote-of-the-day-by-robert-t-kiyosaki-on-success-winners-are-not-afraid-of-losing-but-11772854894148.html,2026-04-06T11:04:00+00:00
LiveMint,33,Bodybuilder Jeff Nippard’s fiancé Stephanie Buttermore dies at 36,https://www.livemint.com/us/trending/bodybuilder-jeff-nippard-s-fianc-stephanie-buttermore-dies-at-36-a-look-at-the-late-fitness-stars-net-worth-11772860396173.html,2026-04-06T11:04:00+00:00
LiveMint,34,Toddler triggers airport alarms chasing a toy; what happened next surprised all,https://www.livemint.com/us/trending/toddler-triggers-airport-alarms-chasing-a-toy-what-happened-next-surprised-everyone-11772786934708.html,2026-04-06T11:04:00+00:00
LiveMint,35,Quote of the day by Abraham Lincoln: ‘We the people are rightful masters of…’,https://www.livemint.com/us/trending/quote-of-the-day-by-abraham-lincoln-we-the-people-are-rightful-masters-of-11772622098976.html,2026-04-06T11:04:00+00:00
LiveMint,36,Can AI really do your taxes? Elon Musk sparks massive online debate,https://www.livemint.com/us/trending/can-grok-help-you-cut-your-taxes-elon-musk-says-11772572363426.html,2026-04-06T11:04:00+00:00
LiveMint,37,Instagram to notify parents if teens repeatedly search for suicide or self-harm,https://www.livemint.com/us/trending/instagram-will-alert-parents-over-repeated-suicide-related-searches-by-teen-users-amid-global-push-for-sm-regulations-11772110629794.html,2026-04-06T11:04:00+00:00
LiveMint,38,‘Done with New Jersey’: US-based engineer’s rant goes viral,https://www.livemint.com/us/trending/done-with-new-jersey-us-based-engineer-gets-frustrated-over-property-tax-heavy-snow-ice-rant-goes-viral-11771923467675.html,2026-04-06T11:04:00+00:00
LiveMint,39,Last Week Tonight: John Oliver uses Nikhil Kamath podcast to mock Elon Musk,https://www.livemint.com/us/trending/watch-john-oliver-uses-nikhil-kamaths-podcast-to-mock-elon-musk-on-last-week-tonight-buffering-like-aol-in-1999-11771911124869.html,2026-04-06T11:04:00+00:00
LiveMint,40,Mark to Market,https://www.livemint.com/market/mark-to-market,2026-04-06T11:04:00+00:00
LiveMint,41,Gold Steadies After Report on Diplomatic Push for Iran Ceasefire,https://www.livemint.com/market/gold-steadies-after-report-on-diplomatic-push-for-iran-ceasefire-11775471153545.html,2026-04-06T11:04:00+00:00
LiveMint,42,"Top Gainers & Losers on April 06: Zydus Wellness, Trent, Gravita India, RBL Bank, BSE NMDC among top gainers",https://www.livemint.com/market/stock-market-news/top-gainers-losers-on-april-06-zydus-wellness-trent-gravita-india-rbl-bank-bse-nmdc-among-top-gainers-11775468116701.html,2026-04-06T11:04:00+00:00
LiveMint,43,"Tata Motors, Ashok Leyland, Eicher post double-digit CV sales growth in March; Will oil shock decelerate growth outlook?",https://www.livemint.com/market/stock-market-news/tata-motors-ashok-leyland-eicher-post-double-digit-cv-sales-growth-in-march-will-oil-shock-decelerate-growth-outlook-11775467750186.html,2026-04-06T11:04:00+00:00
LiveMint,44,"Sensex up 800 points, Nifty 50 ends above 22,950; investors earn ₹5 lakh crore— Key highlights from stock market today",https://www.livemint.com/market/stock-market-news/sensex-up-800-points-nifty-50-ends-above-22-950-investors-earn-5-lakh-crore-key-highlights-from-stock-market-today-11775469135319.html,2026-04-06T11:04:00+00:00
LiveMint,45,FIIs cut stake in HDFC Bank by 360 bps in March quarter amid 26% stock slump,https://www.livemint.com/market/fiis-cut-stake-in-hdfc-bank-by-360-bps-in-march-quarter-amid-26-stock-slump-11775454520926.html,2026-04-06T11:04:00+00:00
LiveMint,46,RBL Bank share price gains over 6% to 5-week high on strong Q4 business update,https://www.livemint.com/market/rbl-bank-share-price-gains-over-6-to-5-week-high-on-strong-q4-business-update-11775465848499.html,2026-04-06T11:04:00+00:00
LiveMint,47,"Delhi Assembly security breach: Car rams gate, masked driver leaves bouquet and flees",https://www.livemint.com/news/india/delhi-assembly-security-breach-car-rams-gate-masked-driver-leaves-bouquet-and-flees-11775469523410.html,2026-04-06T11:04:00+00:00
LiveMint,48,"Donald Trump’s new Hormuz deadline, ceasefire push and rescue presser: What we know on US-Iran war in its 6th week",https://www.livemint.com/news/us-news/donald-trump-s-new-hormuz-deadline-ceasefire-push-and-rescue-presser-what-we-know-on-us-iran-war-in-its-6th-week-11775468444236.html,2026-04-06T11:04:00+00:00
LiveMint,49,Prince William’s ‘ruthless streak’ revealed: Kept Welby at arm’s length,https://www.livemint.com/news/trends/prince-william-s-ruthless-streak-revealed-kept-welby-at-arm-s-length-11775466102985.html,2026-04-06T11:04:00+00:00
LiveMint,50,Who was Majid Khademi? Iran's Revolutionary Guards Intelligence head killed in US strikes,https://www.livemint.com/news/world/who-was-majid-khademi-irans-revolutionary-guards-intelligence-head-killed-in-us-strikes-11775465741186.html,2026-04-06T11:04:00+00:00
LiveMint,51,‘Donald Trump is dead’ trends again: Here's why social media continues to speculate about US President’s health,https://www.livemint.com/news/us-news/donald-trump-is-dead-trends-again-social-media-continues-to-speculate-about-us-president-s-health-11775467930591.html,2026-04-06T11:04:00+00:00
LiveMint,52,"Amid Trump health scare, here's the reason why US President skipped Easter Sunday events",https://www.livemint.com/news/us-news/amid-trump-health-scare-heres-the-reason-why-us-president-skipped-easter-sunday-events-11775464254976.html,2026-04-06T11:04:00+00:00
LiveMint,53,"Here's what Indian Inc. is projecting for salary increment, promotions, attrition rates, talent development in 2026",https://www.livemint.com/companies/news/salary-increment-pay-hike-growth-9-pc-india-inc-sectors-2026-steady-rate-promotion-employee-attrition-talent-development-11775465448427.html,2026-04-06T11:04:00+00:00
LiveMint,54,E-motorcycle maker Matter Motor eyes $50 mn in fresh round at $300 mn valuation,https://www.livemint.com/companies/start-ups/emotorcycle-india-matter-motor-50-mn-valuation-11775450938015.html,2026-04-06T11:04:00+00:00
LiveMint,55,Meta Layoffs: Facebook parent to cut 200 Silicon Valley jobs next month; who is impacted?,https://www.livemint.com/companies/news/meta-layoffs-facebook-parent-to-cut-200-silicon-valley-jobs-next-month-who-is-impacted-11775465552810.html,2026-04-06T11:04:00+00:00
LiveMint,56,"Indian IT firms face subdued fourth quarter as war, AI concerns persist; weak rupee helps earnings",https://www.livemint.com/companies/indian-it-firms-face-subdued-fourth-quarter-as-war-ai-concerns-persist-weak-rupee-helps-earnings-11775463276613.html,2026-04-06T11:04:00+00:00
LiveMint,57,Luxury hotels in India are betting big on branded residences and serviced apartments,https://www.livemint.com/companies/news/luxury-hotels-branded-residences-serviced-apartments-taj-marriott-leela-sarovar-11775451409781.html,2026-04-06T11:04:00+00:00
LiveMint,58,"SC refuses to stay Adani’s ₹14,543 crore JAL plan",https://www.livemint.com/companies/news/sc-clears-way-for-adani-s-14-543-crore-jal-plan-11775455142459.html,2026-04-06T11:04:00+00:00
LiveMint,59,Ask Mint Money,https://www.livemint.com/money/ask-mint-money,2026-04-06T11:04:00+00:00
LiveMint,60,"Income Tax Act 2025: 6 key provisions on deductions, exemptions, notices taxpayers must track",https://www.livemint.com/money/personal-finance/income-tax-act-2025-6-key-provisions-on-deductions-exemptions-notices-taxpayers-must-track-from-1-april-11775467688305.html,2026-04-06T11:04:00+00:00
LiveMint,61,What’s your money personality? It may decide your market returns,https://www.livemint.com/money/money-personality-investor-behaviour-volatility-risk-appetite-financial-psychology-wealth-management-11775454252059.html,2026-04-06T11:04:00+00:00
LiveMint,62,Do UAE-based professionals pay tax on India workshop income?,https://www.livemint.com/money/personal-finance/nri-income-tax-india-uae-dtaa-workshop-income-11775456305638.html,2026-04-06T11:04:00+00:00
LiveMint,63,Gratuity calculation rules: Is gratuity taxable? How is gratuity taxed in India? Explained,https://www.livemint.com/money/personal-finance/gratuity-calculation-rules-is-gratuity-taxable-how-is-gratuity-taxed-in-india-explained-11775458797076.html,2026-04-06T11:04:00+00:00
LiveMint,64,Top 5 strategies for salaried professionals to manage monthly expenses and taxes efficiently in FY27,https://www.livemint.com/money/personal-finance/top-5-strategies-for-salaried-professionals-to-manage-monthly-expenses-and-taxes-efficiently-in-fy27-11775460043678.html,2026-04-06T11:04:00+00:00
LiveMint,65,₹10 lakh health insurance: Is it enough in 2026 amid rising medical costs? 6 key factors to consider,https://www.livemint.com/money/personal-finance/10-lakh-health-insurance-is-it-enough-in-2026-amid-rising-medical-costs-6-key-factors-to-consider-11775448742366.html,2026-04-06T11:04:00+00:00
LiveMint,66,"iPhone Fold launching soon: Expected price, display, camera, colours and other specifications",https://www.livemint.com/technology/gadgets/iphone-fold-launching-soon-expected-price-display-camera-colours-and-other-specifications-11775462400047.html,2026-04-06T11:04:00+00:00
LiveMint,67,"OnePlus Nord 6 India launch tomorrow:Expected price, specifications and live-stream details",https://www.livemint.com/technology/gadgets/oneplus-nord-6-india-launch-tomorrow-expected-price-specifications-and-live-stream-details-11775459621397.html,2026-04-06T11:04:00+00:00
LiveMint,68,‘Argue with Dario’: Anthropic's head of growth says Claude maker encourages employees to call out its CEO publicly,https://www.livemint.com/technology/tech-news/argue-with-dario-anthropics-head-of-growth-says-claude-maker-lets-employees-call-out-its-ceo-publicly-11775451579833.html,2026-04-06T11:04:00+00:00
LiveMint,69,"iPhone 17 now available for less than ₹50,000 during latest Croma sale: How to get the deal?",https://www.livemint.com/technology/gadgets/iphone-17-now-available-for-less-than-rs-50-000-during-latest-croma-sale-how-to-get-the-deal-11775445339672.html,2026-04-06T11:04:00+00:00
LiveMint,70,"Infinix Note 60 Pro with ‘Active Matrix Display’ confirmed to launch in India: Pre-book benefits, specs and features",https://www.livemint.com/technology/gadgets/infinix-note-60-pro-with-active-matrix-display-confirmed-to-launch-in-india-pre-book-benefits-specs-and-features-11775442516086.html,2026-04-06T11:04:00+00:00
LiveMint,71,Are your apps secretly stealing your data? FBI warns iPhone and Android users over Chinese mobile apps,https://www.livemint.com/technology/tech-news/are-your-apps-secretly-stealing-your-data-fbi-issues-massive-warning-for-iphone-and-android-users-11775437350495.html,2026-04-06T11:04:00+00:00
LiveMint,72,IPL 2026 Schedule,https://www.livemint.com/sports/cricket-news/ipl-schedule,2026-04-06T11:04:00+00:00
LiveMint,73,Orange Cap in IPL 2026,https://www.livemint.com/sports/cricket-news/ipl-orange-cap,2026-04-06T11:04:00+00:00
LiveMint,74,Purple Cap in IPL 2026,https://www.livemint.com/sports/cricket-news/ipl-purple-cap,2026-04-06T11:04:00+00:00
LiveMint,75,IPL 2026 Points Table,https://www.livemint.com/sports/cricket-news/ipl-points-table,2026-04-06T11:04:00+00:00
LiveMint,76,IFSC Code Finder,https://www.livemint.com/ifsc-code,2026-04-06T11:04:00+00:00
LiveMint,77,Income Tax Calculator,https://www.livemint.com/tools-calculators/income-tax-calculator,2026-04-06T11:04:00+00:00
LiveMint,78,Gold Rate Today,https://www.livemint.com/gold-prices,2026-04-06T11:04:00+00:00
LiveMint,79,Gold Rate in Delhi,https://www.livemint.com/gold-prices/delhi,2026-04-06T11:04:00+00:00
LiveMint,80,Gold Rate Hyderabad,https://www.livemint.com/gold-prices/hyderabad,2026-04-06T11:04:00+00:00
LiveMint,81,Silver Rate Today,https://www.livemint.com/silver-prices,2026-04-06T11:04:00+00:00
LiveMint,82,Silver Rate in Delhi,https://www.livemint.com/silver-prices/delhi,2026-04-06T11:04:00+00:00
LiveMint,83,Silver Rate in Bangalore,https://www.livemint.com/silver-prices/bangalore,2026-04-06T11:04:00+00:00
LiveMint,84,US Stock Market,https://www.livemint.com/market/us-market,2026-04-06T11:04:00+00:00
LiveMint,85,Terms of Use,https://www.livemint.com/terms-of-use,2026-04-06T11:04:00+00:00
LiveMint,86,Code of ethics,https://www.livemint.com/code-of-ethics,2026-04-06T11:04:00+00:00
LiveMint,87,MCX Gold Rate,https://www.livemint.com/market/market-stats/commodity-mcx-gold-price,2026-04-06T11:04:00+00:00
LiveMint,88,MCX Silver Price,https://www.livemint.com/market/market-stats/commodity-mcx-silver-price,2026-04-06T11:04:00+00:00
LiveMint,89,Gold Price in Mumbai,https://www.livemint.com/gold-prices/mumbai,2026-04-06T11:04:00+00:00
LiveMint,90,Gold Price in Chennai,https://www.livemint.com/gold-prices/chennai,2026-04-06T11:04:00+00:00
LiveMint,91,Gold Price in Kolkata,https://www.livemint.com/gold-prices/kolkata,2026-04-06T11:04:00+00:00
LiveMint,92,Silver Price in Mumbai,https://www.livemint.com/silver-prices/mumbai,2026-04-06T11:04:00+00:00
LiveMint,93,Silver Price in Chennai,https://www.livemint.com/silver-prices/chennai,2026-04-06T11:04:00+00:00
LiveMint,94,Silver Price in Hyderabad,https://www.livemint.com/silver-prices/hyderabad,2026-04-06T11:04:00+00:00
LiveMint,95,Silver Price in Kolkata,https://www.livemint.com/silver-prices/kolkata,2026-04-06T11:04:00+00:00
LiveMint,96,Latest News Today,https://www.livemint.com/news,2026-04-06T11:04:00+00:00
LiveMint,97,US News Today,https://www.livemint.com/news/us-news,2026-04-06T11:04:00+00:00
LiveMint,98,Top Company Leader,https://www.livemint.com/companies/people,2026-04-06T11:04:00+00:00
LiveMint,99,personal loan emi calculator,https://www.livemint.com/loans/personal-loan-emi-calculator,2026-04-06T11:04:00+00:00
LiveMint,100,Personal Loan Interest Rate,https://www.livemint.com/loans/personal-loan-interest-rates,2026-04-06T11:04:00+00:00
LiveMint,101,Personal Loan Eligibility,https://www.livemint.com/loans/personal-loan-eligibility,2026-04-06T11:04:00+00:00
LiveMint,102,Instant Personal Loan,https://www.livemint.com/loans/instant-personal-loan,2026-04-06T11:04:00+00:00
LiveMint,103,Home Loan EMI Calculator,https://www.livemint.com/tools-calculators/home-loan-emi-calculator,2026-04-06T11:04:00+00:00
LiveMint,104,Car Loan EMI,https://www.livemint.com/tools-calculators/car-loan-calculator,2026-04-06T11:04:00+00:00
India Today,1,Indian woman shares reality of living alone in Dubai despite company perks,https://www.indiatoday.in/trending-news/story/indian-woman-shares-reality-of-living-alone-in-dubai-despite-company-perks-2892169-2026-04-06,2026-04-06T11:04:00+00:00
India Today,2,Stray dog stranded in Ganga rescued by raft operator. Best video on internet today,https://www.indiatoday.in/trending-news/story/stray-dog-stranded-in-ganga-rescued-by-raft-operator-best-video-on-internet-today-2892160-2026-04-06,2026-04-06T11:04:00+00:00
India Today,3,"Bengaluru Rapido rider, bus conductor help woman when no cab showed up at 3 am",https://www.indiatoday.in/trending-news/story/bengaluru-rapido-rider-bus-conductor-help-woman-when-no-cab-showed-up-at-3-am-2892143-2026-04-06,2026-04-06T11:04:00+00:00
India Today,4,"Two friends ram SUVs into each other after argument in Gurugram, video goes viral",https://www.indiatoday.in/trending-news/story/gurugram-two-friends-ram-mahindra-scorpio-suvs-into-each-other-after-argument-video-viral-2892101-2026-04-06,2026-04-06T11:04:00+00:00
India Today,5,"Netherlands woman forgets guitar on Mysuru train, RPF tracks it down",https://www.indiatoday.in/trending-news/story/netherlands-woman-forgets-guitar-on-mysuru-train-rpf-tracks-it-down-2892083-2026-04-06,2026-04-06T11:04:00+00:00
India Today,6,Maharashtra bus driver gets Jai-Veeru style shoulder ride from colleague as farewell,https://www.indiatoday.in/trending-news/story/maharashtra-bus-driver-gets-jai-veeru-style-shoulder-ride-from-colleague-as-farewell-2891885-2026-04-05,2026-04-06T11:04:00+00:00
India Today,7,UP woman cycles for 14 days to reach Everest Base Camp. Video goes viral,https://www.indiatoday.in/trending-news/story/up-woman-cycles-for-14-days-to-reach-everest-base-camp-video-goes-viral-2891872-2026-04-05,2026-04-06T11:04:00+00:00
India Today,8,Odisha's Nandankanan Zoo wins praise for simple plastic management rules,https://www.indiatoday.in/trending-news/story/odishas-nandankanan-zoo-wins-praise-for-simple-plastic-management-rules-2891851-2026-04-05,2026-04-06T11:04:00+00:00
India Today,9,Son honours father's Indian Air Force retirement with heartfelt salute,https://www.indiatoday.in/trending-news/story/son-honours-fathers-indian-air-force-retirement-with-heartfelt-salute-video-goes-viral-2891848-2026-04-05,2026-04-06T11:04:00+00:00
India Today,10,Dehradun family proudly announces 'Beti hui hai' with balloon decorated cars,https://www.indiatoday.in/trending-news/story/dehradun-family-proudly-announces-beti-hui-hai-with-balloon-decorated-cars-2891825-2026-04-05,2026-04-06T11:04:00+00:00
India Today,11,UP man turns daughter's divorce into a celebration of freedom. Video is viral,https://www.indiatoday.in/trending-news/story/up-man-turns-daughters-divorce-into-a-celebration-of-freedom-video-is-viral-2891816-2026-04-05,2026-04-06T11:04:00+00:00
India Today,12,Indian student in France explains Rs 50 lakh expense list for higher education,https://www.indiatoday.in/trending-news/story/indian-student-in-france-explains-rs-50-lakh-expense-list-for-higher-education-2891807-2026-04-05,2026-04-06T11:04:00+00:00
India Today,13,"German man praises India's digital payments, calls them simple and fast",https://www.indiatoday.in/trending-news/story/german-man-praises-indias-digital-payments-calls-them-simple-and-fast-2891775-2026-04-05,2026-04-06T11:04:00+00:00
India Today,14,"UK man rents private boat on Kerala's backwaters, calls it an 'underrated experience'",https://www.indiatoday.in/trending-news/story/uk-man-rents-private-boat-on-kerelas-backwaters-calls-it-an-underrated-experience-2891555-2026-04-04,2026-04-06T11:04:00+00:00
India Today,15,Zambians deliver show-stopping dance performance at Indian Embassy,https://www.indiatoday.in/trending-news/story/zambians-deliver-show-stopping-dance-performance-at-indian-embassy-video-is-viral-2891544-2026-04-04,2026-04-06T11:04:00+00:00
India Today,16,"US man shares how his well-behaved, calm puppy turned out. Pet owners can relate",https://www.indiatoday.in/trending-news/story/us-man-shares-how-his-well-behaved-calm-puppy-turned-out-pet-owners-can-relate-2891529-2026-04-04,2026-04-06T11:04:00+00:00
India Today,17,Little boy fixes his mistake after breaking dustbin at school in Nagaland. Watch,https://www.indiatoday.in/trending-news/story/little-boy-fixes-his-mistake-after-breaking-dustbin-at-school-in-nagaland-watch-2891507-2026-04-04,2026-04-06T11:04:00+00:00
India Today,18,"Man finds house help crying on her birthday, surprises her with cake celebration",https://www.indiatoday.in/trending-news/story/man-finds-house-help-crying-on-her-birthday-surprises-her-with-cake-celebration-2891492-2026-04-04,2026-04-06T11:04:00+00:00
India Today,19,Man shares how Delhi Police responded to late-night noise complaint in minutes,https://www.indiatoday.in/trending-news/story/man-shares-how-delhi-police-responded-to-late-night-noise-complaint-in-minutes-2891480-2026-04-04,2026-04-06T11:04:00+00:00
India Today,20,"Swiggy to Zomato, delivery agents turn superheroes in Power Rangers-style video",https://www.indiatoday.in/trending-news/story/swiggy-to-zomato-delivery-agents-turn-superheroes-in-power-rangers-style-video-2891329-2026-04-03,2026-04-06T11:04:00+00:00
India Today,21,"Artemis crew reaches the moon, approaches record-breaking distance from Earth",https://www.indiatoday.in/science/story/artemis-crew-reaches-the-moon-approaches-record-breaking-distance-from-earth-2892222-2026-04-06,2026-04-06T11:04:00+00:00
India Today,22,The end of Inspector Raj: A reform that assumes too much,https://www.indiatoday.in/business/story/inspector-raj-reforms-challenges-trust-based-compliance-indian-industries-2892200-2026-04-06,2026-04-06T11:04:00+00:00
India Today,23,"Rakesh Bedi apologises for old remark, says didn’t know word he used was banned",https://www.indiatoday.in/movies/celebrities/story/rakesh-bedi-apologises-banned-term-dhurandhar-controversy-2892196-2026-04-06,2026-04-06T11:04:00+00:00
India Today,24,Industrialist Pawan Ruia arrested near Kolkata in Rs 315-crore cyber fraud,https://www.indiatoday.in/india/west-bengal/story/pawan-ruia-arrested-rs-315-crore-cyber-fraud-shell-companies-cryptocurrency-2889845-2026-04-01,2026-04-06T11:04:00+00:00
India Today,25,"Chand Mera Dil: Ananya Panday-Lakshya's new posters talk first love, second chances",https://www.indiatoday.in/movies/bollywood/story/chand-mera-dil-ananya-panday-lakshyas-new-posters-talk-first-love-second-chances-2892109-2026-04-06,2026-04-06T11:04:00+00:00
India Today,26,"Horoscope Today: Astrological prediction April 6, 2026 for all zodiac signs",https://www.indiatoday.in/horoscopes/story/horoscope-today-april-6-2026-astrological-prediction-all-zodiac-signs-aries-taurus-gemini-cancer-leo-virgo-libra-scorpio-sagittarius-capricorn-aquarius-pisces-2891934-2026-04-06,2026-04-06T11:04:00+00:00
India Today,27,"Days after joining BJP, Leander Paes gets X-category security cover",https://www.indiatoday.in/india/story/days-after-joining-bjp-in-run-up-to-bengal-polls-tennis-icon-leander-paes-given-x-category-security-2892100-2026-04-06,2026-04-06T11:04:00+00:00
TOI ETimes,1,Australian study finds heart cells can regenerate post-heart attack; India’s leading cardiologist calls it a ‘big step’,https://timesofindia.indiatimes.com/articleshow/127212793.cms,2026-04-06T11:04:00+00:00
TOI ETimes,2,Hold that bite: Doctor explains the post-workout mistake that could cost you your life,https://timesofindia.indiatimes.com/articleshow/127102424.cms,2026-04-06T11:04:00+00:00
TOI ETimes,3,When Anxiety Signals Brain Issues: Neurologist explains red flags,https://timesofindia.indiatimes.com/articleshow/127119929.cms,2026-04-06T11:04:00+00:00
TOI ETimes,4,Doctor's Advice On Common Traps: Dr Ankur Gahlot warns about hidden,https://timesofindia.indiatimes.com/articleshow/127111948.cms,2026-04-06T11:04:00+00:00
TOI ETimes,5,Knee care: Orthopaedic doctor approved tips that can delay joint replacement by 10 years,https://timesofindia.indiatimes.com/articleshow/127125728.cms,2026-04-06T11:04:00+00:00
TOI ETimes,6,Peace lily benefits: How this elegant plant cleans air and calms your mind,https://timesofindia.indiatimes.com/articleshow/127125253.cms,2026-04-06T11:04:00+00:00
TOI ETimes,7,"'Dhurandhar 2' BO day 19 [LIVE]: Ranveer Singh film eyes Rs. 1,050 crore net",https://timesofindia.indiatimes.com/articleshow/130054387.cms,2026-04-06T11:04:00+00:00
TOI ETimes,8,Divya Dutta on intense love like Rekha's admiration for Bachchan,https://timesofindia.indiatimes.com/articleshow/130058294.cms,2026-04-06T11:04:00+00:00
TOI ETimes,9,"Big B on 'Aankhen' days: 'Arjun Rampal, Akshay Kumar had blast but...'",https://timesofindia.indiatimes.com/articleshow/130057758.cms,2026-04-06T11:04:00+00:00
TOI ETimes,10,Gulzar recalls 'Namkeen': calls it ‘child left behind’,https://timesofindia.indiatimes.com/articleshow/130057399.cms,2026-04-06T11:04:00+00:00
TOI ETimes,11,Pradeep Ranganathan’s clever move at 'LIK' event grabs attention,https://timesofindia.indiatimes.com/articleshow/130056901.cms,2026-04-06T11:04:00+00:00
TOI ETimes,12,'Bhooth Bangla' trailer reaction: Akshay's laugh riot as 'OG Bhool Bhulaiyaa 2',https://timesofindia.indiatimes.com/articleshow/130056770.cms,2026-04-06T11:04:00+00:00
TOI ETimes,13,"Veteran Actor Himani Shivpuri backs Women's Reservation Bill, says ""women understand sensitive issues better""",https://timesofindia.indiatimes.com/articleshow/130058829.cms,2026-04-06T11:04:00+00:00
TOI ETimes,14,"""What was meant to happen is now happening..."": Mukesh Rishi hails Women's Reservation Bill",https://timesofindia.indiatimes.com/articleshow/130058776.cms,2026-04-06T11:04:00+00:00
TOI ETimes,15,"‘Dhurandhar 2’ box office day 18: Film crosses Rs 1,600 cr worldwide",https://timesofindia.indiatimes.com/articleshow/130048430.cms,2026-04-06T11:04:00+00:00
TOI ETimes,16,'Super Mario' tops US box office; ‘Dhurandhar 2' extends record run,https://timesofindia.indiatimes.com/articleshow/130046377.cms,2026-04-06T11:04:00+00:00
TOI ETimes,17,'Dhurandhar 2' SURPASSES Rs 1000 crore mark in India,https://timesofindia.indiatimes.com/articleshow/130034543.cms,2026-04-06T11:04:00+00:00
TOI ETimes,18,"‘Dhurandhar: The Revenge’ eyes Rs 1,600 crore worldwide",https://timesofindia.indiatimes.com/articleshow/130031033.cms,2026-04-06T11:04:00+00:00
TOI ETimes,19,"'Dhurandhar 2' BO day 17 [LIVE]: Ranveer Singh film eyes Rs. 1,000 crore net",https://timesofindia.indiatimes.com/articleshow/130014910.cms,2026-04-06T11:04:00+00:00
TOI ETimes,20,Animal Preview: Ranbir Kapoor and Sandeep Reddy Vanga are set to shake up the box office hierarchy,https://timesofindia.indiatimes.com/articleshow/105615612.cms,2026-04-06T11:04:00+00:00
TOI ETimes,21,Tu Jhoothi Main Makkaar,https://timesofindia.indiatimes.com/articleshow/98272134.cms,2026-04-06T11:04:00+00:00
TOI ETimes,22,Bharti Singh throws a lavish birthday party for son as Gola,https://timesofindia.indiatimes.com/articleshow/130057748.cms,2026-04-06T11:04:00+00:00
TOI ETimes,23,Rashami Desai steps into theatre,https://timesofindia.indiatimes.com/articleshow/130056668.cms,2026-04-06T11:04:00+00:00
TOI ETimes,24,"Fame is temporary, but relationships and values stay forever: Shubhangi",https://timesofindia.indiatimes.com/articleshow/130056499.cms,2026-04-06T11:04:00+00:00
TOI ETimes,25,Yesha Harsora: Fitness has moved beyond just being strong,https://timesofindia.indiatimes.com/articleshow/130056445.cms,2026-04-06T11:04:00+00:00
TOI ETimes,26,"Chahatt Khanna: I’ve changed a lot, from eating before sunset",https://timesofindia.indiatimes.com/articleshow/130056350.cms,2026-04-06T11:04:00+00:00
TOI ETimes,27,Ankita pens down a heartfelt birthday note for Arti,https://timesofindia.indiatimes.com/articleshow/130057878.cms,2026-04-06T11:04:00+00:00
TOI ETimes,28,Matka water is healthy and keeps you cool but one common mistake could make it unsafe,https://timesofindia.indiatimes.com/articleshow/130057635.cms,2026-04-06T11:04:00+00:00
TOI ETimes,29,A toad near your home isn’t just a coincidence: Here’s what it really indicates about your surroundings,https://timesofindia.indiatimes.com/articleshow/130058533.cms,2026-04-06T11:04:00+00:00
TOI ETimes,30,Chef Ranveer Brar's inspiring journey: From being broke and sleeping on benches to becoming top celebrity chef,https://timesofindia.indiatimes.com/articleshow/130058393.cms,2026-04-06T11:04:00+00:00
TOI ETimes,31,"What is puppy yoga and how does it help? Benefits, mental health impact, and what to expect in a session",https://timesofindia.indiatimes.com/articleshow/130057714.cms,2026-04-06T11:04:00+00:00
TOI ETimes,32,Why Amitabh Bachchan likes being busy with work even at 83: What people of all ages can learn from the megastar,https://timesofindia.indiatimes.com/articleshow/130056163.cms,2026-04-06T11:04:00+00:00
TOI ETimes,33,Viral dance party on rails: Marwari family books entire train coach for wedding; watch video,https://timesofindia.indiatimes.com/articleshow/130056945.cms,2026-04-06T11:04:00+00:00
TOI ETimes,34,Who was Kasey Grelle? ‘Brilliant and selfless’ CEO mom killed in tragic resort truck crash in Nicaragua,https://timesofindia.indiatimes.com/articleshow/130056642.cms,2026-04-06T11:04:00+00:00
TOI ETimes,35,Too expensive to have a respectful funeral? What is China's burial crisis that is forcing people to store ashes in 'new' apartments,https://timesofindia.indiatimes.com/articleshow/130053917.cms,2026-04-06T11:04:00+00:00
TOI ETimes,36,Who is Disha Sharma? Famous media personality's daughter who tied the knot in a 2-states styled wedding with Bengaluru-based lawyer Sudarshan MJ,https://timesofindia.indiatimes.com/articleshow/130052454.cms,2026-04-06T11:04:00+00:00
TOI ETimes,37,"Artemis II astronauts lose contact with Earth for 40 minutes in space: Why will this happen, and what will the crew do during this time?",https://timesofindia.indiatimes.com/articleshow/130050721.cms,2026-04-06T11:04:00+00:00
TOI ETimes,38,Who is Kashmira Pardeshi? The ‘mystery girl’ and PBKS fan from IPL stands everyone can’t stop talking about,https://timesofindia.indiatimes.com/articleshow/130049862.cms,2026-04-06T11:04:00+00:00
TOI ETimes,39,Sean Preston changes name from Federline to Spears on socials,https://timesofindia.indiatimes.com/articleshow/129997899.cms,2026-04-06T11:04:00+00:00
TOI ETimes,40,Olivia Rodrigo drops new album title and release date,https://timesofindia.indiatimes.com/articleshow/129996366.cms,2026-04-06T11:04:00+00:00
TOI ETimes,41,North West performs with father Kanye West,https://timesofindia.indiatimes.com/articleshow/129996247.cms,2026-04-06T11:04:00+00:00
TOI ETimes,42,Jessica Simpson starts new romance with Thomas Eisenhood,https://timesofindia.indiatimes.com/articleshow/129994912.cms,2026-04-06T11:04:00+00:00
TOI ETimes,43,All you need to know about rapper Gucci Mane,https://timesofindia.indiatimes.com/articleshow/129992070.cms,2026-04-06T11:04:00+00:00
TOI ETimes,44,"Sombr opens up about love life, fame, and privacy",https://timesofindia.indiatimes.com/articleshow/129972020.cms,2026-04-06T11:04:00+00:00
TOI ETimes,45,Beyond Ebooks: The charm of bookstores endures,https://timesofindia.indiatimes.com/articleshow/101098088.cms,2026-04-06T11:04:00+00:00
TOI ETimes,46,It’s a curtain call: Sania Mirza bids adieu to tennis with ‘happy tears’,https://timesofindia.indiatimes.com/articleshow/98440670.cms,2026-04-06T11:04:00+00:00
TOI ETimes,47,A magical makeover for 17th Century stepwell: From neglected ruins to a glorious piece of history,https://timesofindia.indiatimes.com/articleshow/96557955.cms,2026-04-06T11:04:00+00:00
TOI ETimes,48,The city comes alive with Christmas fervour,https://timesofindia.indiatimes.com/articleshow/96406573.cms,2026-04-06T11:04:00+00:00
TOI ETimes,49,#BringRioHome: Pet parents launch search to find their kidnapped cat,https://timesofindia.indiatimes.com/articleshow/96334809.cms,2026-04-06T11:04:00+00:00
TOI ETimes,50,Adil Hussain’s 'Mercy' release date OUT: Film's first look to be attached with Ranveer Singh's 'Dhurandhar: The Revenge',https://timesofindia.indiatimes.com/articleshow/129843424.cms,2026-04-06T11:04:00+00:00
TOI ETimes,51,It’s the best time to be doing theatre: Juhi Babbar Soni,https://timesofindia.indiatimes.com/articleshow/129826631.cms,2026-04-06T11:04:00+00:00
TOI ETimes,52,"Anu Malik steps into theatre with Anupam Kher’s play, Calls it his most exciting challenge yet",https://timesofindia.indiatimes.com/articleshow/129729335.cms,2026-04-06T11:04:00+00:00
TOI ETimes,53,'Wicked' musical director John Stefaniuk on live music on the stage: 'It is so exciting to hear the orchestra whisk us away',https://timesofindia.indiatimes.com/articleshow/129610267.cms,2026-04-06T11:04:00+00:00
TOI ETimes,54,"'Wicked' stars Rebekah Lowings and Eve Shanu-Wilson on Elphaba-Glinda's bond: 'Friends challenge you, not just cheer you on'",https://timesofindia.indiatimes.com/articleshow/129607673.cms,2026-04-06T11:04:00+00:00
TOI ETimes,55,"Vijay Crishna, Shah Rukh Khan’s on-screen father in ‘Devdas,’ passes away at 81: Tributes pour in for theatre stalwart",https://timesofindia.indiatimes.com/articleshow/129016007.cms,2026-04-06T11:04:00+00:00
TOI ETimes,56,Raj Kundra and Shilpa Shetty's 15th Wedding Anniversary,https://timesofindia.indiatimes.com/articleshow/115563990.cms,2026-04-06T11:04:00+00:00
TOI ETimes,57,​Bigg Boss winners list from season 1 to 17​,https://timesofindia.indiatimes.com/articleshow/114277426.cms,2026-04-06T11:04:00+00:00
TOI ETimes,58,​Discover the bird with a prehistoric roar​,https://timesofindia.indiatimes.com/articleshow/114244474.cms,2026-04-06T11:04:00+00:00
TOI ETimes,59,Dia Mirza's ethnic wear,https://timesofindia.indiatimes.com/articleshow/114243410.cms,2026-04-06T11:04:00+00:00
TOI ETimes,60,​Incredible facts about ants you won’t believe​,https://timesofindia.indiatimes.com/articleshow/114243248.cms,2026-04-06T11:04:00+00:00
TOI ETimes,61,'Bigg Boss Marathi 5' nears grand finale​,https://timesofindia.indiatimes.com/articleshow/113936459.cms,2026-04-06T11:04:00+00:00
TOI ETimes,62,Who is Priya Patel? Indian-origin pro-MAGA influencer sparks massive row over viral immigration video,https://timesofindia.indiatimes.com/articleshow/130041982.cms,2026-04-06T11:04:00+00:00
TOI ETimes,63,'Months to find a doctor': Indian-techie blames Canada's healthcare for move back to India,https://timesofindia.indiatimes.com/articleshow/130055121.cms,2026-04-06T11:04:00+00:00
TOI ETimes,64,"Detroit bakery’s ‘creepy lamb cake’ prank goes viral, sparks reactions and real orders",https://timesofindia.indiatimes.com/articleshow/130052880.cms,2026-04-06T11:04:00+00:00
TOI ETimes,65,From Daya to Jethalal: This family’s Taarak Mehta Ka Ooltah Chashmah-themed birthday party is going viral,https://timesofindia.indiatimes.com/articleshow/130041622.cms,2026-04-06T11:04:00+00:00
TOI ETimes,66,‘How is that comedy?’: SNL UK faces backlash over crude joke referencing Mark Zuckerberg and Adolf Hitler,https://timesofindia.indiatimes.com/articleshow/130046367.cms,2026-04-06T11:04:00+00:00
TOI ETimes,67,"'My duty to keep her happy’: Retired judge welcomes divorced daughter home with dhol, dance, and pride",https://timesofindia.indiatimes.com/articleshow/130038650.cms,2026-04-06T11:04:00+00:00
TOI ETimes,68,No more Gutkha spits on roads! Meet the young innovators who have found an innovative and bio-friendly device for India's spitting problem,https://timesofindia.indiatimes.com/articleshow/130038404.cms,2026-04-06T11:04:00+00:00
TOI ETimes,69,Venus has a hidden volcano cave! Astronomers spot a giant lava tube beneath 'Nyx Mons',https://timesofindia.indiatimes.com/articleshow/130038058.cms,2026-04-06T11:04:00+00:00
TOI ETimes,70,What is the net worth of Kash Patel? Everything you should know about the Indian-origin FBI director and why he is in news,https://timesofindia.indiatimes.com/articleshow/130037613.cms,2026-04-06T11:04:00+00:00
TOI ETimes,71,No cash or card needed from bazaars to temples: German traveller appreciates the “Real Digi‑India” for cashless payments,https://timesofindia.indiatimes.com/articleshow/130036993.cms,2026-04-06T11:04:00+00:00
TOI ETimes,72,"From sugar‑filled mornings to a bittersweet exit: After 15 years of sweet cravings, this beloved doughnut chain is quietly exiting India",https://timesofindia.indiatimes.com/articleshow/130035309.cms,2026-04-06T11:04:00+00:00
TOI ETimes,73,"Who is Kai Trump? US President Donald Trump's granddaughter, influencer and golfer who is receiving backlash for her dream job reveal",https://timesofindia.indiatimes.com/articleshow/130034216.cms,2026-04-06T11:04:00+00:00
TOI ETimes,74,"Happy Easter Sunday 2026: Best Messages, Quotes, Wishes, Greetings and Images to share on Easter Sunday",https://timesofindia.indiatimes.com/articleshow/130025228.cms,2026-04-06T11:04:00+00:00
TOI ETimes,75,‘It changed me’: British traveller’s raw take on India is winning hearts online,https://timesofindia.indiatimes.com/articleshow/130033290.cms,2026-04-06T11:04:00+00:00
TOI ETimes,76,"Happy Easter Sunday 2026: Images, Quotes, Wishes, Messages, Images, Cards, Greetings, Pictures and GIFs",https://timesofindia.indiatimes.com/articleshow/130001252.cms,2026-04-06T11:04:00+00:00
TOI ETimes,77,"‘Not Kashmir!’ Bikaner looks snow-white after rare hailstorm, internet can’t believe it",https://timesofindia.indiatimes.com/articleshow/130024752.cms,2026-04-06T11:04:00+00:00
TOI ETimes,78,"Happy Easter Sunday 2026: Top 70 Wishes, Messages, Greetings Card and Quotes to share with your family and friends",https://timesofindia.indiatimes.com/articleshow/130004282.cms,2026-04-06T11:04:00+00:00
TOI ETimes,79,Europe’s first total solar eclipse in 27 years is coming and this country is the best place to watch it,https://timesofindia.indiatimes.com/articleshow/130020939.cms,2026-04-06T11:04:00+00:00
TOI ETimes,80,Kenyan man sells honey with his swollen face on the label and it turns out to be a marketing masterstroke,https://timesofindia.indiatimes.com/articleshow/130020924.cms,2026-04-06T11:04:00+00:00
TOI ETimes,81,Sunday Reset trend explained: Why people are romanticising mundane rituals as ‘Hot Girl Walk’ of home,https://timesofindia.indiatimes.com/articleshow/129997465.cms,2026-04-06T11:04:00+00:00
TOI ETimes,82,GTA 6 leaks reveal a mind-blowing AI upgrade - and a locked-in release date,https://timesofindia.indiatimes.com/articleshow/130017265.cms,2026-04-06T11:04:00+00:00
TOI ETimes,83,Bareilly thief swallows stolen bracelet during arrest; cops recover it after a bizarre 2-day operation,https://timesofindia.indiatimes.com/articleshow/130015071.cms,2026-04-06T11:04:00+00:00
TOI ETimes,84,Blind runner set to make history using AI glasses at marathon - this is truly next level,https://timesofindia.indiatimes.com/articleshow/130014563.cms,2026-04-06T11:04:00+00:00
TOI ETimes,85,"""Not just dirt and traffic"": Foreign vlogger’s viral ‘confession’ about India is breaking the internet",https://timesofindia.indiatimes.com/articleshow/130012157.cms,2026-04-06T11:04:00+00:00
TOI ETimes,86,‘Sustainable wedding’: Couple marries at a busy Netherlands railway station in second-hand outfits as commuters look on,https://timesofindia.indiatimes.com/articleshow/130012071.cms,2026-04-06T11:04:00+00:00
TOI ETimes,87,"‘$3,000 to feel like a man?’: Inside the extreme masculinity camps where men sign up for pain and discipline",https://timesofindia.indiatimes.com/articleshow/130011497.cms,2026-04-06T11:04:00+00:00
TOI ETimes,88,"Earthquake felt in Delhi, social media erupts",https://timesofindia.indiatimes.com/articleshow/130006113.cms,2026-04-06T11:04:00+00:00
TOI ETimes,89,A Dehradun bride’s Vidai is making the internet cry because her dogs just wouldn’t let her leave,https://timesofindia.indiatimes.com/articleshow/130005696.cms,2026-04-06T11:04:00+00:00
TOI ETimes,90,"Kindness rewarded: 68-year-old delivery driver bought a Coke with his own money and strangers raised $32,000 to thank him",https://timesofindia.indiatimes.com/articleshow/130003217.cms,2026-04-06T11:04:00+00:00
TOI ETimes,91,Viral video: Russian tourist choked by locals in Bali after ...,https://timesofindia.indiatimes.com/articleshow/129983079.cms,2026-04-06T11:04:00+00:00
TOI ETimes,92,"Boy claims he was a woman who died in a fire, details later ...",https://timesofindia.indiatimes.com/articleshow/129994758.cms,2026-04-06T11:04:00+00:00
TOI ETimes,93,‘First in 36 years’: Indian-origin student wins elite Church...,https://timesofindia.indiatimes.com/articleshow/129998588.cms,2026-04-06T11:04:00+00:00
TOI ETimes,94,"Meet Palmer Luckey: He built a $2 billion company at 19, got...",https://timesofindia.indiatimes.com/articleshow/129907090.cms,2026-04-06T11:04:00+00:00
TOI ETimes,95,Did you also get fooled by the viral 'war lockdown PDF' on A...,https://timesofindia.indiatimes.com/articleshow/129946583.cms,2026-04-06T11:04:00+00:00
TOI ETimes,96,A timeless bond: Japanese diver regularly meets and feeds th...,https://timesofindia.indiatimes.com/articleshow/129785510.cms,2026-04-06T11:04:00+00:00
TOI ETimes,97,"130+ Happy International Women's Day Messages, Greetings Car...",https://timesofindia.indiatimes.com/articleshow/129161916.cms,2026-04-06T11:04:00+00:00
TOI ETimes,98,"Happy Eid-ul-Fitr 2026: Eid Mubarak Wishes, Messages, Quotes...",https://timesofindia.indiatimes.com/articleshow/129680487.cms,2026-04-06T11:04:00+00:00
TOI ETimes,99,Meet Patrick Winston: MIT professor whose one-hour lecture s...,https://timesofindia.indiatimes.com/articleshow/129827810.cms,2026-04-06T11:04:00+00:00
TOI ETimes,100,'Not a game at all': Canadian PM Mark Carney and Finland’s p...,https://timesofindia.indiatimes.com/articleshow/129641203.cms,2026-04-06T11:04:00+00:00
TOI ETimes,101,"₹10 chai, ₹20 samosas at UDAN Yatri Café now at these 24 Indian airports: Flyers finally get relief from overpriced food",https://timesofindia.indiatimes.com/articleshow/130001262.cms,2026-04-06T11:04:00+00:00
TOI ETimes,102,Who is Shreesh Jhadav? The brilliant IITian-turned monk who secured 2nd rank in the IIT-JEE entrance exam,https://timesofindia.indiatimes.com/articleshow/130000982.cms,2026-04-06T11:04:00+00:00
TOI ETimes,103,Cub says 'hello' to the camera! Rare Bornean clouded leopard family spotted on trail cam,https://timesofindia.indiatimes.com/articleshow/129999981.cms,2026-04-06T11:04:00+00:00
TOI ETimes,104,₹55 pack sold for ₹60 on quick commerce? Viral post highlights MRP vs selling price mismatch: Why you should check before ordering,https://timesofindia.indiatimes.com/articleshow/129998330.cms,2026-04-06T11:04:00+00:00
TOI ETimes,105,"Know everything about Easter 2026: History, significance and celebration",https://timesofindia.indiatimes.com/articleshow/129998283.cms,2026-04-06T11:04:00+00:00
TOI ETimes,106,Who is Cyrus S. Poonawalla? Padma Bhushan winner who splurged ₹167 crore on a Raja Ravi Varma masterpiece,https://timesofindia.indiatimes.com/articleshow/129996953.cms,2026-04-06T11:04:00+00:00
TOI ETimes,107,"What is Mission Mitra? Shubhanshu Shukla, along with other Gaganyaan astronauts, arrive in Leh for India’s toughest space training yet",https://timesofindia.indiatimes.com/articleshow/129995502.cms,2026-04-06T11:04:00+00:00
TOI ETimes,108,Who is Kevin Droniak? The US creator who flew 15 hours just for a one-day Taj Mahal trip,https://timesofindia.indiatimes.com/articleshow/129993843.cms,2026-04-06T11:04:00+00:00
TOI ETimes,109,"GTA 6 leaks reveal something huge about NPCs, and it could change everything",https://timesofindia.indiatimes.com/articleshow/129988317.cms,2026-04-06T11:04:00+00:00
TOI ETimes,110,Meet Maurice Ward: The hairdresser who invented a ‘nuclear-proof’ material and took its secret to the grave,https://timesofindia.indiatimes.com/articleshow/129988257.cms,2026-04-06T11:04:00+00:00
TOI ETimes,111,The ‘Thailand tattoo’ sounds like a trend until you know what it really is,https://timesofindia.indiatimes.com/articleshow/129987599.cms,2026-04-06T11:04:00+00:00
TOI ETimes,112,‘Like booking a cab’: Anand Mahindra shares video of on-demand coconut harvesting in Kerala,https://timesofindia.indiatimes.com/articleshow/129985522.cms,2026-04-06T11:04:00+00:00
TOI ETimes,113,He made me cry’: 4-year-old’s Dettol ad performance wins hearts; parents credit SRK for his acting skills,https://timesofindia.indiatimes.com/articleshow/129984176.cms,2026-04-06T11:04:00+00:00
TOI ETimes,114,Salman Khan House,https://timesofindia.indiatimes.com/articleshow/130015010.cms,2026-04-06T11:04:00+00:00
TOI ETimes,115,Chef Sanjeev Kapoor,https://timesofindia.indiatimes.com/articleshow/129943579.cms,2026-04-06T11:04:00+00:00
TOI ETimes,116,Sweet Craving Causes,https://timesofindia.indiatimes.com/articleshow/130034638.cms,2026-04-06T11:04:00+00:00
TOI ETimes,117,Vitamin D Deficiency,https://timesofindia.indiatimes.com/articleshow/130042835.cms,2026-04-06T11:04:00+00:00
TOI ETimes,118,Ustaad Bhagat Singh Collection,https://timesofindia.indiatimes.com/articleshow/130048352.cms,2026-04-06T11:04:00+00:00
TOI ETimes,119,Garena Free Fire MAX Redeem Codes,https://timesofindia.indiatimes.com/articleshow/130050603.cms,2026-04-06T11:04:00+00:00
TOI ETimes,120,Basketball Zero Codes,https://timesofindia.indiatimes.com/articleshow/129802738.cms,2026-04-06T11:04:00+00:00
TOI ETimes,121,KKR vs PBKS clash in danger! Rain and Kalbaishakhi storm threat looms over IPL 2026 match,https://timesofindia.indiatimes.com/articleshow/130058334.cms,2026-04-06T11:04:00+00:00
TOI ETimes,122,"Puducherry govt was imposed from Delhi, does not represent people's will",https://timesofindia.indiatimes.com/articleshow/130058299.cms,2026-04-06T11:04:00+00:00
TOI ETimes,123,Actor Niranjan Kumar injured after bar scuffle in Bengaluru; FIR filed,https://timesofindia.indiatimes.com/articleshow/130058356.cms,2026-04-06T11:04:00+00:00
TOI ETimes,124,'Where were you for five years?': Tamil Nadu MLAs face voters they 'ignored' for 5 yrs,https://timesofindia.indiatimes.com/articleshow/130058342.cms,2026-04-06T11:04:00+00:00
TOI ETimes,125,"Pakistan asks Taliban to declare TTP a terror outfit, dismantle network to ease border tensions",https://timesofindia.indiatimes.com/articleshow/130058178.cms,2026-04-06T11:04:00+00:00
TOI ETimes,126,When namaste met konnichiwa over tea,https://timesofindia.indiatimes.com/articleshow/130058080.cms,2026-04-06T11:04:00+00:00
TOI ETimes,127,"'People don't see me as a trans candidate, but as a sister': NTK fields Roshini S from Villivakkam in Tamil Nadu polls",https://timesofindia.indiatimes.com/articleshow/130058300.cms,2026-04-06T11:04:00+00:00
TOI ETimes,128,Tamil Nadu polls: Nainar counts on mukkulathor vote-bank to triumph in Sattur,https://timesofindia.indiatimes.com/articleshow/130058201.cms,2026-04-06T11:04:00+00:00
TOI ETimes,129,"Anand Mahindra shares inspiring Monday Motivation, highlights Payal Nag’s incredible journey",https://timesofindia.indiatimes.com/articleshow/130057152.cms,2026-04-06T11:04:00+00:00
TOI ETimes,130,"WWE RAW Tonight 6-april-2026: Full match card, confirmed segments, start timings & how to watch",https://timesofindia.indiatimes.com/articleshow/130052847.cms,2026-04-06T11:04:00+00:00
TOI ETimes,131,"NASA's Artemis II mission: Crew honours Jeremy Hansen with ‘astronaut gold pin’, an elite spaceflight award",https://timesofindia.indiatimes.com/articleshow/130056828.cms,2026-04-06T11:04:00+00:00
TOI ETimes,132,Sunetra Pawar files nomination for Baramati bypoll; Congress too fields its candidate,https://timesofindia.indiatimes.com/articleshow/130058019.cms,2026-04-06T11:04:00+00:00
TOI ETimes,133,What's it like to visit a supervolcano? Are they safe to visit?,https://timesofindia.indiatimes.com/articleshow/130057598.cms,2026-04-06T11:04:00+00:00
TOI Viral News,1,"Watch: Hardeep Singh Puri reunites with old friend from Delhi University, video melts hearts",https://timesofindia.indiatimes.com/articleshow/108418522.cms,2026-04-06T11:04:00+00:00
TOI Viral News,2,Narayana Murthy and daughter Akshata enjoy 'Corner House' ice cream in Bengaluru,https://timesofindia.indiatimes.com/articleshow/107659138.cms,2026-04-06T11:04:00+00:00
TOI Viral News,3,Taylor Swift cheers boyfriend Travis Kelce at the Super Bowl,https://timesofindia.indiatimes.com/articleshow/107613344.cms,2026-04-06T11:04:00+00:00
TOI Viral News,4,'He Nitished me' to 'Paltu Chacha': Nitish Kumar's 'swing politics' sparks humour fest,https://timesofindia.indiatimes.com/articleshow/107236114.cms,2026-04-06T11:04:00+00:00
TOI Viral News,5,"Flyer hits IndiGo Pilot announcing flight delay due to dense fog conditions, video goes viral",https://timesofindia.indiatimes.com/articleshow/106851189.cms,2026-04-06T11:04:00+00:00
TOI Viral News,6,"New Zealand's youngest MP performs native 'war cry' in Parliament, video goes viral",https://timesofindia.indiatimes.com/articleshow/106572179.cms,2026-04-06T11:04:00+00:00
TOI Viral News,7,"NASA unveils stunning image of 'evil eye' galaxy, sparking internet awe",https://timesofindia.indiatimes.com/articleshow/105570940.cms,2026-04-06T11:04:00+00:00
TOI Viral News,8,Millennials bemoan lackluster Black Friday deals in social media uproar,https://timesofindia.indiatimes.com/articleshow/105475777.cms,2026-04-06T11:04:00+00:00
TOI Viral News,9,'At least they'll not lose to India in semis': Memes erupt with Pakistan all but out of World Cup,https://timesofindia.indiatimes.com/articleshow/105122539.cms,2026-04-06T11:04:00+00:00
TOI Viral News,10,Brazilian influencer Vanessa Mancini dies at 41 from massive heart attack,https://timesofindia.indiatimes.com/articleshow/105110853.cms,2026-04-06T11:04:00+00:00
TOI Viral News,11,Memes erupt as Angelo Mathews becomes first international cricketer to be timed out,https://timesofindia.indiatimes.com/articleshow/105016656.cms,2026-04-06T11:04:00+00:00
TOI Viral News,12,Mia Khalifa posts Amy Schumer's heated exchange with Asia Jackson over Israel-Palestine conflict,https://timesofindia.indiatimes.com/articleshow/104947696.cms,2026-04-06T11:04:00+00:00
TOI Viral News,13,Fans troll Pakistan as Proteas beat Kiwis to keep Pak's semi-final hopes alive,https://timesofindia.indiatimes.com/articleshow/104912338.cms,2026-04-06T11:04:00+00:00
TOI Viral News,14,Mark Zuckerberg and family's Halloween transformation into Hogwarts icons warms hearts,https://timesofindia.indiatimes.com/articleshow/104888586.cms,2026-04-06T11:04:00+00:00
TOI Viral News,15,'Bore hone ka chance-ich nahi' as auto driver sings & entertains people stuck in Andheri traffic,https://timesofindia.indiatimes.com/articleshow/104886091.cms,2026-04-06T11:04:00+00:00
TOI Viral News,16,Escaped monkey 'Momo' captured after it drinks beer and runs riot in Indianapolis,https://timesofindia.indiatimes.com/articleshow/104208644.cms,2026-04-06T11:04:00+00:00
TOI Viral News,17,"Animal smuggling: Otter, rat and 28 turtles cause chaos on Bangkok to Taipei flight",https://timesofindia.indiatimes.com/articleshow/104208771.cms,2026-04-06T11:04:00+00:00
TOI Viral News,18,Alligator ally oops! Phillies fan denied entry with emotional support gator,https://timesofindia.indiatimes.com/articleshow/104043227.cms,2026-04-06T11:04:00+00:00
TOI Viral News,19,'Qualified for Karachi station': Pakistan's exit from Asia Cup sparks memefest,https://timesofindia.indiatimes.com/articleshow/103687163.cms,2026-04-06T11:04:00+00:00
TOI Viral News,20,"'Racist bigots': Arabic restaurant in US refuses to serve cops in uniform, faces fury",https://timesofindia.indiatimes.com/articleshow/103285144.cms,2026-04-06T11:04:00+00:00
TOI Viral News,21,Watch: Pakistani wedding in UK descends into mass brawl as guests hurl chairs at each other,https://timesofindia.indiatimes.com/articleshow/103245258.cms,2026-04-06T11:04:00+00:00
TOI Viral News,22,Memes abuzz as Neeraj Chopra makes history with first gold for India in World Championship,https://timesofindia.indiatimes.com/articleshow/103138499.cms,2026-04-06T11:04:00+00:00
TOI Viral News,23,Boyfriend held in murder of Instagram influencer Beauty Couch in Georgia,https://timesofindia.indiatimes.com/articleshow/103125550.cms,2026-04-06T11:04:00+00:00
TOI Viral News,24,Why internet is suddenly talking about Donald Trump’s weight,https://timesofindia.indiatimes.com/articleshow/103058329.cms,2026-04-06T11:04:00+00:00
TOI Viral News,25,'Don is back': Trump's mug shot triggers memefest,https://timesofindia.indiatimes.com/articleshow/103047943.cms,2026-04-06T11:04:00+00:00
TOI Viral News,26,"Hurricane Hilary unleashes fury on Southern California, visuals viral",https://timesofindia.indiatimes.com/articleshow/102906246.cms,2026-04-06T11:04:00+00:00
TOI Viral News,27,'Shameless': Prakash Raj blasted by netizens for mocking India's moon mission,https://timesofindia.indiatimes.com/articleshow/102902284.cms,2026-04-06T11:04:00+00:00
TOI Viral News,28,'Me during WFH': Photo of Selena Gomez wrapped in 'shawl' stirs memefest,https://timesofindia.indiatimes.com/articleshow/102799584.cms,2026-04-06T11:04:00+00:00
TOI Viral News,29,'Mission impossible': Memes erupt as people find it hard to return to office after long weekend,https://timesofindia.indiatimes.com/articleshow/102768800.cms,2026-04-06T11:04:00+00:00
TOI Viral News,30,‘Paisa hi paisa hoga’: Memes erupt as Indian creators receive massive payout from Twitter,https://timesofindia.indiatimes.com/articleshow/102576219.cms,2026-04-06T11:04:00+00:00
TOI Viral News,31,'Raghav Chadha is compromised': Punjab CM Bhagwant Mann responds to AAP's Rajya Sabha move,https://timesofindia.indiatimes.com/articleshow/129997242.cms,2026-04-06T11:04:00+00:00
TOI Viral News,32,'Went to London while Arvind Kejriwal was arrested': AAP MP Raghav Chadha not seen at key party events of late,https://timesofindia.indiatimes.com/articleshow/129992958.cms,2026-04-06T11:04:00+00:00
TOI Viral News,33,"Raghav Chadha made to stand like rooster, beaten in ‘secret mansion’: Ex-AAP leader Naveen Jaihind",https://timesofindia.indiatimes.com/articleshow/130033292.cms,2026-04-06T11:04:00+00:00
TOI Viral News,34,"Raghav Chadha shares 3rd video message for AAP, says 'small trailer, picture abhi baaki hai'",https://timesofindia.indiatimes.com/articleshow/130033952.cms,2026-04-06T11:04:00+00:00
TOI Viral News,35,Tamil Nadu Polls,https://timesofindia.indiatimes.com/articleshow/130051476.cms,2026-04-06T11:04:00+00:00
TOI Viral News,36,Bengaluru Fake IPL Ticket,https://timesofindia.indiatimes.com/articleshow/130054115.cms,2026-04-06T11:04:00+00:00
TOI Viral News,37,Strait of hormuz,https://timesofindia.indiatimes.com/articleshow/130049611.cms,2026-04-06T11:04:00+00:00
TOI Viral News,38,Taylor and Morgan Riddle Breakup,https://timesofindia.indiatimes.com/articleshow/130048235.cms,2026-04-06T11:04:00+00:00
TOI Viral News,39,Israel Attack on Iran Sharif University,https://timesofindia.indiatimes.com/articleshow/130050118.cms,2026-04-06T11:04:00+00:00
TOI Viral News,40,Today IPL Match,https://timesofindia.indiatimes.com/articleshow/130033031.cms,2026-04-06T11:04:00+00:00
TOI Viral News,41,Stock Market Today,https://timesofindia.indiatimes.com/articleshow/130050251.cms,2026-04-06T11:04:00+00:00
TOI Viral News,42,IPL Match Today,https://timesofindia.indiatimes.com/articleshow/130034573.cms,2026-04-06T11:04:00+00:00
TOI Viral News,43,IPL Schedule 2026,https://timesofindia.indiatimes.com/articleshow/130051892.cms,2026-04-06T11:04:00+00:00
TOI Viral News,44,Missing Kerala Techie,https://timesofindia.indiatimes.com/articleshow/130051113.cms,2026-04-06T11:04:00+00:00
TOI Viral News,45,Delhi EWS Result 2026,https://timesofindia.indiatimes.com/articleshow/130055030.cms,2026-04-06T11:04:00+00:00
TOI Viral News,46,RTE Maharashtra Result 2026,https://timesofindia.indiatimes.com/articleshow/130053316.cms,2026-04-06T11:04:00+00:00
TOI Viral News,47,IPL Schedule 2026,https://timesofindia.indiatimes.com/articleshow/129838168.cms,2026-04-06T11:04:00+00:00
TOI Viral News,48,Salman Khan House,https://timesofindia.indiatimes.com/articleshow/130015010.cms,2026-04-06T11:04:00+00:00
TOI Viral News,49,The Super Mario Galaxy Movie,https://timesofindia.indiatimes.com/articleshow/130046377.cms,2026-04-06T11:04:00+00:00
TOI Viral News,50,Dhurandhar 2 Box Office Collection,https://timesofindia.indiatimes.com/articleshow/130054387.cms,2026-04-06T11:04:00+00:00
TOI Viral News,51,Chef Sanjeev Kapoor,https://timesofindia.indiatimes.com/articleshow/129943579.cms,2026-04-06T11:04:00+00:00
TOI Viral News,52,Sweet Craving Causes,https://timesofindia.indiatimes.com/articleshow/130034638.cms,2026-04-06T11:04:00+00:00
TOI Viral News,53,Vitamin D Deficiency,https://timesofindia.indiatimes.com/articleshow/130042835.cms,2026-04-06T11:04:00+00:00
TOI Viral News,54,Ustaad Bhagat Singh Collection,https://timesofindia.indiatimes.com/articleshow/130048352.cms,2026-04-06T11:04:00+00:00
TOI Viral News,55,Dhurandhar 2 Collection,https://timesofindia.indiatimes.com/articleshow/130048430.cms,2026-04-06T11:04:00+00:00
TOI Viral News,56,Garena Free Fire MAX Redeem Codes,https://timesofindia.indiatimes.com/articleshow/130050603.cms,2026-04-06T11:04:00+00:00
TOI Viral News,57,Basketball Zero Codes,https://timesofindia.indiatimes.com/articleshow/129802738.cms,2026-04-06T11:04:00+00:00
TOI Viral News,58,Mumbai Terror Arrest,https://timesofindia.indiatimes.com/articleshow/130043851.cms,2026-04-06T11:04:00+00:00
TOI Viral News,59,Air india Crash,https://timesofindia.indiatimes.com/articleshow/130050205.cms,2026-04-06T11:04:00+00:00
TOI Viral News,60,Bengaluru Rape Case,https://timesofindia.indiatimes.com/articleshow/130045406.cms,2026-04-06T11:04:00+00:00
TOI Viral News,61,Ghaziabad Techie Death,https://timesofindia.indiatimes.com/articleshow/130048867.cms,2026-04-06T11:04:00+00:00
TOI Viral News,62,Bengaluru Metro Walkway,https://timesofindia.indiatimes.com/articleshow/130045403.cms,2026-04-06T11:04:00+00:00
TOI Viral News,63,Andhra Pradesh Murder News,https://timesofindia.indiatimes.com/articleshow/130036837.cms,2026-04-06T11:04:00+00:00
TOI Viral News,64,Nashik Car Accident,https://timesofindia.indiatimes.com/articleshow/130012193.cms,2026-04-06T11:04:00+00:00
TOI Viral News,65,Khusbaz Singh Jatana Accident,https://timesofindia.indiatimes.com/articleshow/129985718.cms,2026-04-06T11:04:00+00:00
TOI Viral News,66,Kansas City Chiefs,https://timesofindia.indiatimes.com/articleshow/129988796.cms,2026-04-06T11:04:00+00:00
TOI Viral News,67,Las Vegas Raiders,https://timesofindia.indiatimes.com/articleshow/129961918.cms,2026-04-06T11:04:00+00:00
TOI Viral News,68,Vinfast Mpv 7,https://timesofindia.indiatimes.com/articleshow/129967204.cms,2026-04-06T11:04:00+00:00
TOI Viral News,69,Artemis II Lost Contact,https://timesofindia.indiatimes.com/articleshow/130052788.cms,2026-04-06T11:04:00+00:00
TOI Viral News,70,Mesh Sankranti 2026: When is Solar New Year? Know date and significance,https://timesofindia.indiatimes.com/articleshow/130013637.cms,2026-04-06T11:04:00+00:00
TOI Viral News,71,Bharti Singh throws a lavish birthday party for son as Gola turns 4; family and close ones join,https://timesofindia.indiatimes.com/articleshow/130057748.cms,2026-04-06T11:04:00+00:00
TOI Viral News,72,RRB NTPC graduate posts CEN 06/2025 CBT-I answer key out today; objection window closes on April 12: Direct link,https://timesofindia.indiatimes.com/articleshow/130057494.cms,2026-04-06T11:04:00+00:00
TOI Viral News,73,The handheld radio that kept ejected US F-15E pilots hidden deep inside Iran,https://timesofindia.indiatimes.com/articleshow/130057474.cms,2026-04-06T11:04:00+00:00
TOI Viral News,74,Donald Trump may have just told America's Cyber Security Agency: You are not doing your job right and so I am going to …,https://timesofindia.indiatimes.com/articleshow/130057703.cms,2026-04-06T11:04:00+00:00
TOI Viral News,75,"Bengaluru sang, danced and cried with Paresh Pahuja at his concert",https://timesofindia.indiatimes.com/articleshow/130057638.cms,2026-04-06T11:04:00+00:00
TOI Viral News,76,Dubai realty: Why the ‘crash’ narrative does not add up,https://timesofindia.indiatimes.com/articleshow/130057555.cms,2026-04-06T11:04:00+00:00
TOI Viral News,77,Cooku with Comali 7: Gaana Vinoth and Bhagya crowned Chef of the week,https://timesofindia.indiatimes.com/articleshow/130057594.cms,2026-04-06T11:04:00+00:00
TOI Viral News,78,Gulzar recalls 'Namkeen' as the film turns 44: 'It was the child left behind in the race'- Exclusive,https://timesofindia.indiatimes.com/articleshow/130057399.cms,2026-04-06T11:04:00+00:00
TOI Viral News,79,"Triumph’s 400 bikes go 350cc in India: Model-wise pricing, what's changed",https://timesofindia.indiatimes.com/articleshow/130057161.cms,2026-04-06T11:04:00+00:00
TOI Viral News,80,"Mother-Son duo shine at National Kettlebell Championship, bag gold and bronze",https://timesofindia.indiatimes.com/articleshow/130057415.cms,2026-04-06T11:04:00+00:00
TOI Viral News,81,Operation 'epic' rescue: How much it cost US to save F-15E pilot & why America destroyed its own planes,https://timesofindia.indiatimes.com/articleshow/130057331.cms,2026-04-06T11:04:00+00:00
TOI Viral News,82,"Excise policy scam case: 'I will argue myself', Kejriwal tells Delhi HC in recusal plea; next hearing on April 13",https://timesofindia.indiatimes.com/articleshow/130057329.cms,2026-04-06T11:04:00+00:00
TOI Viral News,83,"‘Ottakomban’ first look presents Suresh Gopi in a gritty comeback role, promises high-octane action",https://timesofindia.indiatimes.com/articleshow/130057208.cms,2026-04-06T11:04:00+00:00
TOI Viral News,84,"Delhi assembly security scare: Car rams gate, masked men place flowers near speaker's office",https://timesofindia.indiatimes.com/articleshow/130057028.cms,2026-04-06T11:04:00+00:00
TOI Viral News,85,Movement as expression takes centre stage at TRANZ 2.0 gala evening,https://timesofindia.indiatimes.com/articleshow/130056981.cms,2026-04-06T11:04:00+00:00
TOI Viral News,86,"Sam Altman Says No to iPads for Kids, Wants His Son to Play Outdoors",https://timesofindia.indiatimes.com/articleshow/130057050.cms,2026-04-06T11:04:00+00:00
TOI Viral News,87,Where are the astronauts living inside the Orion spacecraft on their mission to the Moon,https://timesofindia.indiatimes.com/articleshow/130056755.cms,2026-04-06T11:04:00+00:00
NDTV,1,All India News,https://www.ndtv.com/india,2026-04-06T11:04:00+00:00
NDTV,2,"In Setback To Vedanta, Top Court Refuses To Interfere With Order Allowing Adani To Acquire",https://www.ndtv.com/india-news/in-setback-to-vedanta-supreme-court-refuses-to-interfere-with-order-allowing-adani-to-acquire-jaiprakash-associates-ltd-11317830,2026-04-06T11:04:00+00:00
NDTV,3,"Viral: Investor Calls For Bear Market, Compares India's 'Fluff' With Iran's Tech",https://www.ndtv.com/india-news/stock-market-investor-viral-post-compare-iran-missile-india-food-lipstick-app-bubble-bear-market-valuation-11317704,2026-04-06T11:04:00+00:00
NDTV,4,"Masked Man In Car Breaks Barrier At Delhi Assembly In Massive Breach, Flees",https://www.ndtv.com/india-news/car-breaks-barrier-enters-delhi-assembly-ink-thrown-at-speakers-vehicle-11317676,2026-04-06T11:04:00+00:00
NDTV,5,"Father, Grandparents, Uncle Arrested For Killing Twin Girls. They Wanted Son",https://www.ndtv.com/india-news/telangana-man-drowns-twin-daughters-father-grandparents-uncle-arrested-for-killing-twin-girls-they-wanted-son-11317658,2026-04-06T11:04:00+00:00
NDTV,6,"""Attempts To Turn Madurai Into Manipur"": MK Stalin Jabs BJP Over Deepam Row",https://www.ndtv.com/india-news/tamil-nadu-assembly-election-2026-attempts-to-turn-madurai-into-manipur-mk-stalin-jabs-bjp-over-deepam-row-11317622,2026-04-06T11:04:00+00:00
NDTV,7,"SSC Junior Engineer Tier 2 Exam 2026: Admit Card Out, Download Link Here",https://www.ndtv.com/education/ssc-junior-engineer-tier-2-exam-2026-admit-card-out-download-link-here-11317796,2026-04-06T11:04:00+00:00
NDTV,8,NCERT Row: Barred Members Move Supreme Court Over Judiciary Chapter,https://www.ndtv.com/education/ncert-row-barred-members-behind-corruption-in-judiciary-chapter-move-supreme-court-11317690,2026-04-06T11:04:00+00:00
NDTV,9,What Scores Get You Shortlisted At Penn State,https://www.ndtv.com/education/study-abroad-2026-what-scores-get-you-shortlisted-at-penn-state-11317583,2026-04-06T11:04:00+00:00
NDTV,10,CBSE New Syllabus 2026-27: How It Will Impact Students,https://www.ndtv.com/education/cbse-new-syllabus-2026-27-how-it-will-impact-students-11317375,2026-04-06T11:04:00+00:00
NDTV,11,"Delhi School Result 2026: DoE Releases EWS Category Result, Download Link Here",https://www.ndtv.com/education/delhi-school-result-2026-doe-releases-ews-category-result-download-link-official-website-here-11317143,2026-04-06T11:04:00+00:00
NDTV,12,Assembly Elections 2026,https://www.ndtv.com/elections,2026-04-06T11:04:00+00:00
NDTV,13,How Iran Sucker-Punched Trump Into 'Escalation Trap' 'Hellhole',https://www.ndtv.com/world-news/us-iran-war-escalation-trap-donald-trump-middle-east-news-middle-east-war-latest-strait-of-hormuz-news-11317552,2026-04-06T11:04:00+00:00
NDTV,14,"7,000 Feet Up, Alone, Armed With Handgun: US Airman's 48 Hours In Iran",https://www.ndtv.com/world-news/us-f15-pilot-rescue-iran-war-news-handgun-how-us-airman-survived-48-hours-in-iran-11314911,2026-04-06T11:04:00+00:00
NDTV,15,"Live: Iran Revolutionary Guards' Intel Head Dead, Tehran Rejects US Deadline",https://www.ndtv.com/world-news/us-iran-israel-war-middle-east-live-updates-trump-deadline-strait-of-hormuz-oil-prices-dubai-uae-11316005,2026-04-06T11:04:00+00:00
NDTV,16,"""Didn't Feel Scared"": Kerala Techie Who Went Missing For 4 Days During Trek",https://www.ndtv.com/karnataka-news/lost-but-not-afraid-kerala-trekker-recounts-four-days-alone-in-kodagu-hills-11315277,2026-04-06T11:04:00+00:00
NDTV,17,"No Food, Phone Dead: How Lost Kerala Techie Survived 4 Days In Wild",https://www.ndtv.com/india-news/no-food-phone-dead-how-lost-kerala-techie-gs-sharanya-survived-4-days-in-wild-in-kodagu-hills-karnataka-11317174,2026-04-06T11:04:00+00:00
NDTV,18,How Iran Has Pierced The One 'Shield' That Protected America For 30 Years,https://www.ndtv.com/opinion/why-are-americas-most-advanced-planes-losing-to-iran-11316861,2026-04-06T11:04:00+00:00
NDTV,19,"Iran, US Receive Draft Proposal For 45-Day Ceasefire, Hormuz Reopening",https://www.ndtv.com/world-news/us-iran-israel-war-iran-us-receive-draft-proposal-for-45-day-ceasefire-strait-of-hormuz-reopening-middle-east-conflict-11317193,2026-04-06T11:04:00+00:00
NDTV,20,Half A Billion Dollars: The Likely Cost Of F-15 Crash And Daring Rescue Op,https://www.ndtv.com/world-news/iran-war-news-half-a-billion-dollars-the-likely-cost-of-f-15-crash-and-daring-rescue-op-11317632,2026-04-06T11:04:00+00:00
NDTV,21,Why US Military Destroyed Own Plane During Pilot Rescue Op In Iran,https://www.ndtv.com/world-news/iran-war-news-us-military-blew-up-its-100-million-aircraft-in-iran-heres-why-11316339,2026-04-06T11:04:00+00:00
NDTV,22,Why A Strike On Iran's Bushehr Plant Worries Gulf Neighbours,https://www.ndtv.com/world-news/middle-east-war-why-attacks-near-irans-bushehr-nuclear-plant-alarm-the-gulf-11317406,2026-04-06T11:04:00+00:00
NDTV,23,"Laid-Off Oracle Techie Returns Home, Drives Uber While Living Off Savings",https://www.ndtv.com/feature/laid-off-oracle-engineer-returns-home-drives-uber-while-living-off-smart-savings-plan-no-panic-11317229,2026-04-06T11:04:00+00:00
NDTV,24,RPF Mysuru's Quick Response Helps Netherlands Woman Get Back Her Lost Guitar,https://www.ndtv.com/offbeat/rpf-mysurus-quick-response-helps-netherlands-woman-get-back-her-lost-guitar-11316113,2026-04-06T11:04:00+00:00
NDTV,25,"Man's Extortion Complaint Leads To Discovery Of Multiple Rapes, His Arrest",https://www.ndtv.com/india-news/probe-into-63-year-old-nashik-mans-blackmailers-uncovers-121-obscene-videos-gets-him-arrested-11317441,2026-04-06T11:04:00+00:00
NDTV,26,Indian Woman In Dubai Opens Up On Loneliness Despite Dream Job,https://www.ndtv.com/offbeat/indian-woman-in-dubai-opens-up-on-loneliness-despite-dream-job-and-company-accommodation-11316016,2026-04-06T11:04:00+00:00
NDTV,27,How A US Rescue Mission In Iran Nearly Went Off Course After Aircraft Failure,https://www.ndtv.com/world-news/us-iran-israel-war-how-a-us-rescue-mission-in-iran-nearly-went-off-course-after-aircraft-failure-middle-east-conflict-11316963,2026-04-06T11:04:00+00:00
NDTV,28,"End To Iran War In Sight? 45-Day Ceasefire Being Discussed, Says Report",https://www.ndtv.com/world-news/middle-east-conflict-end-to-iran-war-in-sight-45-day-ceasefire-being-discussed-says-report-11316235,2026-04-06T11:04:00+00:00
NDTV,29,Highlights: Sensex Closes 787 Points Higher On Possibility Of US-Iran Deal,https://www.ndtv.com/india-news/sensex-today-stock-market-share-market-nifty-live-updates-today-6-april-rbi-mpc-repo-rate-iran-war-donald-trump-11316136,2026-04-06T11:04:00+00:00
NDTV,30,Baramati By-Election Hurdles For Sunetra Pawar As Congress Decides To Contest,https://www.ndtv.com/india-news/baramati-by-election-hurdles-for-sunetra-pawar-as-congress-plans-to-contest-11314879,2026-04-06T11:04:00+00:00
NDTV,31,"Chinese Tycoon Battling Cancer Leaves Rs 400 Crore To 28-Years-Younger Wife, Enrages Ex-Wife's Family",https://www.ndtv.com/world-news/chinese-tycoon-battling-cancer-leaves-rs-400-crore-to-28-years-younger-wife-enrages-ex-wifes-family-11317615,2026-04-06T11:04:00+00:00
NDTV,32,Latest News Today,https://www.ndtv.com/latest,2026-04-06T11:04:00+00:00
NDTV,33,Education News India,https://www.ndtv.com/education,2026-04-06T11:04:00+00:00
NDTV,34,Latest Business News,https://www.ndtv.com/business-news,2026-04-06T11:04:00+00:00
